wikipedia,wikipedia,2.3031554202253206
bebas,artikel,2.301721947912507
